0,-0.0414646733535,-0.268848856679,-0.734895900031,-0.446004825141,-0.694399529702
1,-0.152094899259,-0.322007819938,-0.332268116964,-0.105095114653,-0.178601838378
2,0.250556262671,-0.751761834516,-0.770932451952,-0.455887554092,-0.831949277137
3,-0.373766175967,0.738512142445,-0.199851965386,-0.113920326737,-0.746597969326
4,-0.075847586994,2.49850954084,-0.195929673324,-0.072250117751,-0.849909928747
5,-0.205779412656,2.36687030724,-0.0626565533539,-0.144351330587,-0.645795602996
6,-0.846980328423,1.88954123472,0.268955172856,0.0955759146678,-0.491047551885
7,-1.71690266703,1.59009549063,-0.819726283855,0.0704148937343,-1.36443168813
8,-1.62116547912,1.12644651303,-0.548591331565,0.159809406514,-0.982531332323
9,-2.30511521562,0.233327108262,-0.720377250338,0.185365674993,-0.581283365228
10,-1.39509634301,0.727639387607,-0.9472391049,-0.24675750758,-1.24362211749
11,-1.66199313961,-0.429411794076,-1.14309941456,-0.10410046279,-1.50770930313
12,-1.94640731282,-0.273995766959,-0.716939919329,0.242478963841,-1.01869993398
13,-1.73697738539,-0.297774741968,-1.80542901165,-0.595544065613,-1.88517320016
14,-1.98436000953,0.835646566838,-1.48895743706,-0.64954533885,-2.07546616553
15,-2.19661690257,0.135737360133,-2.04801419858,-0.83727343112,-2.24381736404
16,-2.05515485655,0.524110912353,-1.07121349384,-0.235165807213,-1.28329038964
17,-2.05194303098,1.12739698675,-1.19731273863,-0.718272345602,-1.8681304519
18,-1.46342408153,1.60848661464,-0.982386371124,-0.241330484258,-1.53944424301
19,-2.2011585973,0.862807915046,-0.995794140283,-0.277024972786,-1.47741597501
20,-2.23578343098,0.211562996187,-1.80353693381,-0.750494902773,-2.28181147838
21,-2.4248161381,1.12076760123,-1.59718553352,-0.425584020125,-2.04861425617
22,-2.31880631104,1.12602215115,-1.91151504658,-0.75502569518,-2.63242617399
23,-2.11892926843,-0.0776836392241,-1.56290301815,-0.415718204976,-2.30107410479
24,-2.69745336988,1.1149476191,-1.43630550668,0.280056938851,-2.22883491018
25,-2.96630018615,-0.806783462871,-0.841372722536,0.583627043401,-1.03872536926
26,-3.05451403268,-0.41632426626,-1.58925935691,0.0555428856781,-2.1353650451
27,-3.13467782667,-0.205721140141,-1.36817316767,0.415306030296,-1.8505395134
28,-3.37583309658,-0.818083884025,-1.55652668932,0.145422266739,-1.66599545695
29,-2.95706967161,-0.126708568148,-2.49609054237,-0.359693478269,-3.00630852278
30,-2.38734689742,-0.350923993879,-3.11222966842,-0.984597775882,-3.62711470966
31,-2.93362724797,-3.34981184909,-2.62299010845,0.0519325700903,-2.33361674027
32,-2.45038317895,-2.14261343917,-2.11366789279,0.0743102043259,-2.11874446647
33,-2.64495216711,-2.93675730003,-2.01659804851,0.220799850535,-1.87237671926
34,-2.12812770812,-2.92126192546,-2.56372930688,0.132880158227,-2.29573778931
35,-1.35216831892,-2.50483041175,-3.13901618308,-0.37336037936,-3.33252674805
36,-1.04567351754,-1.83302495038,-3.08212228316,-0.545002988717,-3.6701174207
37,-1.16496488915,-1.40938171638,-2.94209012758,-0.152560391217,-3.50296269877
38,-0.84385282013,-0.648804927911,-2.75862460218,-0.279881663166,-3.63690027991
39,-1.1037352916,-0.851582153896,-2.77523199927,-0.307039823577,-3.38853728212
40,-0.957048835866,-0.716389490538,-2.5075186655,-0.368254150835,-3.12977069615
41,-0.391472235219,0.226506834239,-2.52187570516,-0.61894949021,-3.47667477699
42,-0.405242757907,0.418957308382,-2.62051759148,-0.9796272777,-3.42806374772
43,-0.748240793265,0.0115709569987,-2.6684888437,-0.667482764946,-3.43428687409
44,-0.216387397721,0.448920090064,-2.70192416248,-0.808861227389,-3.75630714954
45,-1.12093785791,0.813988652808,-2.34432442826,-0.474816708663,-3.456833936
46,-2.04823857595,-0.0815669196333,-1.86066257604,0.263513591785,-2.62013231073
47,-2.23426540572,1.14990130874,-2.12369491495,-0.0668207664299,-3.32831571065
48,-1.57555379584,1.82043610627,-1.9765782176,-0.102298636364,-3.43261409083
49,-2.05662519541,0.591204633026,-2.25118904188,-0.104063054092,-3.20456376636
50,-1.8285006832,0.104590609107,-2.44968651963,-0.484283165496,-3.4943191607
51,-1.1158243274,1.51817970836,-2.92579532611,-0.95832702811,-4.14551045434
52,-1.3300517478,1.4640581709,-3.08363690864,-0.908736611138,-4.69257252131
53,-1.12868164589,1.57313046956,-3.16435479065,-0.957447102204,-4.56171750677
54,-0.669145314902,1.75434515643,-2.81083675355,-0.774573791032,-4.59395663147
55,-0.892340515591,0.173537296383,-2.49815052235,-0.375439267459,-3.52324421038
56,-1.26929850789,0.649913804094,-2.57885164397,-0.46483791564,-3.59996099296
57,-1.28158565705,-0.570153054645,-2.78819462608,-0.306397870867,-3.4258361014
58,-1.28263745221,0.301364082853,-3.28815747643,-0.76434916506,-4.3591321818
59,-1.64608482042,0.079268277506,-3.13957219344,-0.545170637087,-3.94856837712
60,-1.77018149232,1.34239749475,-3.52189227312,-0.677099703264,-4.62920748509
61,-1.75655632146,1.24086450834,-3.65478985863,-0.790231809835,-4.83729210022
62,-1.4538974886,0.583118143939,-2.94897344935,-0.528868313288,-4.45102769399
63,-1.79084029065,-0.182981048507,-2.30504593196,0.0348033949121,-3.11721052434
64,-1.8073178267,0.277552929826,-2.50207638545,-0.0968222603598,-3.6080745155
65,-2.46622391377,-0.669940539918,-2.51643284284,-0.163468699096,-3.19159436336
66,-1.69971961367,-1.41118297672,-2.71054034025,-0.34638825907,-3.04528220656
67,-1.96457404093,-1.67429576673,-2.54850971749,-0.067237849466,-2.90503073443
68,-2.6973521408,-1.66907013816,-1.9623006077,0.479537600832,-2.30009440384
69,-2.40620671435,-1.53765150204,-2.18583073806,0.446553641646,-2.63840332383
70,-2.01757147472,-1.22761328,-2.55621892108,0.400640935149,-3.16530630377
71,-1.94664421789,-0.129913185847,-2.71957281003,-0.147173342055,-3.58233183488
72,-1.94706064604,1.15127195098,-2.61814243108,-0.304736837281,-3.9346910679
73,-1.9350122257,1.07051301058,-2.20968576985,-0.149892580485,-3.74024140039
74,-2.38619066594,1.68724247518,-2.41160829661,-0.00913356005116,-3.99782659316
75,-2.24809078587,1.21157820875,-2.07388139686,0.407473663742,-3.21636196087
76,-3.05601728047,-0.159092449639,-1.70662323792,0.549119297817,-2.37237670193
77,-3.41423377011,0.383317925933,-2.1179809253,0.440933949104,-3.43621876374
78,-3.06397628245,0.127724697663,-1.50730821646,0.792369512789,-2.51400429958
79,-2.46206559193,1.39197941174,-2.07070430872,0.0723755941552,-3.42215049587
80,-2.95861031286,0.492643378852,-2.21356929084,0.219154069898,-3.50736459718
81,-3.6878555302,-1.16408933615,-1.90916720564,0.805245613936,-2.52416993459
82,-3.62030177826,-1.61633663455,-1.91163502791,0.769301736417,-2.32917764535
83,-4.01196983047,-2.48802319211,-1.64295948963,1.24479580458,-1.62606743949
84,-4.47183588705,-1.86895788707,-1.71275388306,1.32487605749,-2.04746598078
85,-5.4955157643,-2.66146586745,-1.3125133071,1.83584422007,-1.92358421676
86,-4.76151142281,-4.0158514346,-1.20747992628,1.77597998686,-0.701607451242
87,-5.31155771019,-3.15539819753,-0.921016402738,2.05873025447,-0.960023072679
88,-4.16798254912,-3.00934457399,-0.588731448912,1.90691848431,-0.651736302671
89,-3.72133637608,-2.63534770736,-0.751807733258,1.73266437472,-0.747133247155
90,-4.89252968501,-2.11988988053,-0.909281004084,1.89134204562,-1.12181355673
91,-4.76565397768,-2.45166833079,-0.345448694534,2.12063951416,-0.63677850405
92,-4.63858695121,-3.55046524931,-0.56519223243,2.27714507148,-0.758053667144
93,-4.48414155394,-3.7219215509,-0.619311750125,2.23433435538,-0.438222718006
94,-4.30438313321,-3.95244620189,-0.359853685703,2.27004922971,0.170025525215
95,-4.7937387984,-3.3691885737,0.178884395796,2.86298118154,0.232096604308
96,-4.77291737506,-2.52854276077,-0.345707006275,2.50163637851,-0.456607039838
97,-4.62298139493,-2.29649895418,-0.490691361517,2.46124256727,-0.82515464821
98,-3.96843790784,-2.7210597373,-0.847691030288,1.82818727491,-0.965708260824
99,-3.52732312968,-2.13122777966,-1.48257599212,1.58444779334,-1.88600127741
100,-3.93577934279,-2.96124673527,-0.853709706956,1.9254416322,-0.904048307626
101,-4.3401932336,-3.10020192226,-0.20986281874,2.57273546,-0.632369678503
102,-3.87139651112,-2.49995721503,-0.302048022933,2.45265811426,-0.582067583909
103,-3.68490099559,-1.86926403845,-1.07896542406,1.98128996318,-1.52227363904
104,-3.73795132118,-1.2813093908,-1.02231707609,1.9052598382,-1.69077029177
105,-4.11227647638,-0.97321018636,-1.24214456086,1.66677538807,-2.01422017997
106,-4.31128617249,-0.859790642205,-1.20138722257,1.46077710527,-2.03451018811
107,-3.09504395205,1.00438274912,-1.97264240173,0.732150386166,-3.32632736368
108,-2.681407939,1.44318461325,-2.39764334203,0.411009469585,-4.08770189209
109,-3.06128776345,0.164570601827,-2.83505639278,0.0309828158983,-3.93363349737
110,-2.96002558525,0.568530678109,-3.06826048982,-0.120518420294,-4.27282226734
111,-3.19185112296,-0.595185852518,-2.71221607519,0.166579412962,-3.44187869033
112,-3.81846994181,-1.83388142802,-2.90816681647,0.235773907539,-3.20090724714
113,-4.18583974049,-1.97129111676,-2.74503137596,0.699189049686,-3.18638906104
114,-4.15164488936,-1.58883698504,-2.38619384026,0.896062753518,-2.97261262165
115,-3.94254676388,-1.70839450301,-2.81258836056,0.491894248181,-3.43646144606
116,-3.96761881212,-1.55620520351,-2.33133041981,0.626269020808,-3.01677540027
117,-3.50646136496,-0.950732274753,-2.35560895864,0.256356938967,-2.79127289896
118,-3.25934857603,-0.732566929111,-2.41419969521,0.264090641824,-3.03291722901
119,-3.42002240184,-0.415338127265,-3.07048729009,-0.0231731719376,-4.02562825774
120,-3.53921857173,0.0158398656482,-2.70532905559,0.0565707967172,-3.84427790925
121,-3.15592574046,0.784247799282,-3.58692679922,-0.242085258667,-5.06601908662
122,-3.76809400203,0.463131255016,-3.8035033346,-0.429273348415,-4.98980268082
123,-2.96288215704,1.77966617942,-3.32459939883,-0.551051151437,-4.93441116438
124,-2.4962953866,3.39328322058,-3.03997171564,-0.216002386353,-5.18521353952
125,-2.82557238612,2.76978657257,-3.23390042871,-0.0004479395837,-5.2176856873
126,-2.58945498797,2.52368015772,-3.15380668865,-0.0639940636338,-5.26689084107
127,-2.18245541691,2.46233728874,-3.33317082971,-0.281707789522,-5.35318328452
128,-2.62315865429,1.51428800961,-3.62498863249,-0.270500998569,-5.2760566531
129,-1.67705168949,2.67883021797,-3.17315867722,-0.341422601729,-5.19145005014
130,-1.13323473613,3.3659551068,-2.9678582214,-0.429528041988,-5.25094097547
131,-1.04105880247,3.50972732877,-3.11167783436,-0.456888273574,-5.24428811476
132,-1.04773214914,3.82875614139,-3.04149583424,-0.371839445182,-5.61930173874
133,-1.82094528277,2.83823742395,-3.33646912963,-0.322370252244,-5.61791889275
134,-2.91804499764,1.8780201922,-4.06997503816,-0.498867961513,-6.17519153519
135,-2.46795673425,2.31056167769,-4.50715795956,-0.766293318265,-6.953363658
136,-3.0183856337,1.30296095196,-3.7714443347,-0.182133829714,-5.68593518503
137,-4.1459367179,1.35223688484,-3.76595632938,0.0559619112277,-5.76499263486
138,-4.26014113282,0.840287216995,-4.24154634876,0.0170854664832,-5.97212592449
139,-3.71553554501,1.76361822382,-4.04901573444,-0.184615894262,-6.13019444273
140,-4.98134444903,0.643221203145,-3.63502050732,0.732739839835,-5.31102037188
141,-4.93231227313,0.451617863662,-4.18338313485,0.358996447266,-5.87642542398
142,-3.93259210355,0.149657165734,-3.83132770968,0.269488626765,-5.34545674445
143,-4.11814307699,0.721393968739,-3.59007389208,0.370660172423,-5.42955757642
144,-4.23367298838,1.05376963285,-3.53969923896,0.614112257164,-5.48630859728
145,-3.95869636495,0.472136852797,-3.18310972263,0.689673233548,-4.80901429311
146,-4.04538674379,0.0738523975768,-3.99667527523,0.330477257534,-5.41593638963
147,-4.1468026697,0.415399188108,-3.91404753507,0.0872810690256,-5.67680456497
148,-4.15460923758,0.0717509451784,-3.9588831606,0.147162867399,-5.76814370589
149,-3.57523193245,0.195417056414,-4.80410000105,-0.473719267884,-6.38176324697
150,-3.51025861874,0.856118375832,-5.40027963164,-0.624382376552,-7.1359928798
151,-4.38237447519,1.60011445758,-4.7521606876,0.0518728621325,-7.00004915101
152,-4.27623318984,1.47324864364,-4.30781497365,0.124827291806,-6.54377411992
153,-4.32194428155,2.06587484172,-4.20631276842,0.607399497692,-6.33547724603
154,-5.00493869459,2.22966866366,-3.9061149897,0.696656417204,-6.17196154778
155,-5.17550776754,2.21188658685,-3.99954696629,0.727786103955,-6.21657810996
156,-5.24496674952,1.83542511918,-3.88063039409,0.75800286432,-6.40628509389
157,-5.54708551632,2.82198533139,-3.84132303481,0.85671393851,-6.64762596715
158,-5.16618921679,4.2567793887,-4.16745677914,0.477109844238,-7.43645189108
159,-4.81521278827,4.45683428742,-4.34746873006,0.519627524599,-7.68745975295
160,-4.8275925528,3.88330106165,-5.18631184892,0.100119923085,-8.75285457556
161,-5.2511588662,2.8143123273,-5.12844694126,0.182664198339,-7.88009814396
162,-5.61992128109,2.26792622321,-5.18009673261,0.414975247919,-8.16165288241
163,-5.8000776885,2.80532060518,-5.0908514781,0.427068246658,-8.20088294419
164,-6.19575329831,3.46018564451,-4.95019927132,0.464146926353,-8.03609530647
165,-5.98656441427,4.12718110229,-4.69880353388,0.66144547648,-8.01893703451
166,-5.90243834383,3.40320096162,-4.73707576726,0.831951793066,-7.9500544624
167,-5.52097545345,5.42275420718,-4.70631335864,0.625767110232,-8.55065884765
168,-6.3208950302,4.69282424685,-3.95049725277,1.158893991,-7.72947279651
169,-5.84293846832,5.68653008392,-3.95380995318,1.03375698147,-8.176175529
170,-6.22912432085,6.26160115626,-3.48554924886,1.83394247508,-7.61795902223
171,-6.79635647476,4.81763687682,-2.88341433446,2.40218881576,-6.7290747344
172,-6.35740862152,4.86326806909,-3.90426205429,1.82254002966,-7.9740801346
173,-6.41833669784,5.48670890573,-4.25844101784,1.56886914101,-8.73388254897
174,-6.59970408703,6.96889783847,-5.12329365495,1.27291511887,-10.0637459177
175,-6.89356714328,6.82125797655,-5.35183724204,1.28221224054,-10.299517114
176,-6.53648411794,7.59971661375,-5.67104067257,0.937822866785,-10.6853124564
177,-6.34795240544,7.43562146373,-5.59471665917,0.687679154495,-10.7924921375
178,-6.74375937622,7.84481794642,-5.77388691142,0.671113346933,-10.8776476236
179,-6.27766821353,7.77861696919,-5.76077074367,0.546799950703,-10.9823512841
180,-6.49156694365,8.4168114601,-5.10671295801,0.767265383419,-10.2992665517
181,-6.93745307283,7.99884405249,-4.49778243184,1.5053842749,-10.0219833424
182,-7.62614402526,8.28362768788,-4.8817171443,1.58756869903,-10.0113326358
183,-7.45408528272,9.21062050653,-4.50836413806,1.55357765269,-10.36611078
184,-7.57686652686,8.34558837325,-5.11443691137,0.963096126747,-10.5108606964
185,-6.92122064974,7.51524254836,-5.57250467259,1.01375152529,-10.7968229459
186,-6.72655857299,8.04758597168,-6.21552896393,0.446764941624,-11.2492272194
187,-5.85311297855,9.03487849651,-6.69493774758,-0.195398222154,-12.3710872296
188,-6.00899190946,9.38922023344,-6.97730266135,-0.380856322772,-12.2637154276
189,-6.49145245774,10.1647973339,-6.28129203131,0.115144503479,-12.3743463557
190,-6.27834310837,9.99838303926,-5.88823594787,0.137306166694,-11.9359447297
191,-6.18887468225,10.0129537645,-5.36641590697,0.556318460862,-11.2236130627
192,-5.38824249705,8.39926750316,-5.62662536761,0.112733314113,-10.8342041582
193,-5.94700531263,8.45621383638,-5.72646583607,0.104835375975,-11.0102721795
194,-5.88731938235,7.87130356003,-6.04562962765,0.0582654951822,-11.0785293513
195,-6.12296915533,7.67676320126,-6.08425425732,0.128442314493,-10.870182626
196,-6.76745956648,6.90599173991,-5.86846152418,0.366938513283,-10.7343594584
197,-6.61306016783,7.05872603181,-5.47259551971,0.977253158729,-10.3434841626
198,-7.09239521343,7.14941614266,-4.80874910844,1.01243852786,-9.66069391146
199,-7.38673297862,7.43814214737,-4.44623639066,1.5645798163,-9.15539407176
200,-7.48246373967,8.55940983389,-4.33638555438,1.2240147956,-9.53626954869
201,-7.21850098183,9.1950295545,-4.730392637,0.874271961768,-10.091394825
202,-6.9392406751,10.2887634467,-5.41488091389,0.18265008598,-11.3076106182
203,-7.26584899566,9.12976316461,-5.74460604835,0.187796976379,-11.0112649197
204,-7.51134356753,9.05338864894,-6.56081603752,-0.0561586757562,-11.7831914994
205,-7.97118026399,9.76330823758,-6.26730117464,0.376533822272,-12.2031607289
206,-7.45868593516,10.2530837275,-6.07391131954,0.364262738555,-12.0736691866
207,-8.12691253342,9.24459713855,-5.97428342628,0.635535612617,-11.2507334533
208,-7.20091748623,11.1013098384,-6.83778235396,-0.138780408438,-12.9427713046
209,-7.61964438298,10.327417776,-6.98359476483,-0.0664752350588,-13.1302270255
210,-7.79613275942,10.837752242,-7.28147308701,-0.474615333034,-13.3508962504
211,-7.78521335775,10.3730194336,-7.35618333602,-0.289191229756,-13.6843532603
212,-8.04127663087,10.6233080294,-7.48542165156,-0.644399871806,-13.6645997419
213,-8.01756661016,10.391940659,-7.98425489911,-0.962726403901,-13.7924918661
214,-8.59317772223,11.1119446083,-7.40280873564,-0.497346500246,-13.7378251017
215,-8.38305522644,12.1987008902,-7.45623668664,-0.582090762387,-14.3403441054
216,-8.67060276519,11.5901567318,-7.25709578849,-0.515554082904,-13.7864233282
217,-8.349348253,11.8027493028,-7.54164271484,-0.813689735705,-14.348414961
218,-8.78380465277,11.3381534207,-7.5020327912,-0.355159369441,-14.0982531397
219,-9.3214734511,11.1679500639,-7.67333636,-0.4250652702,-14.3222456079
220,-9.15694333638,12.3560660117,-7.92809167696,-0.588298226567,-14.5592229741
221,-8.73166048156,12.9604680058,-7.43962374061,-0.292518475383,-14.3984790658
222,-8.97336044919,13.74188509,-7.35793426906,-0.159817176776,-14.756374594
223,-8.75144955694,14.0589520743,-7.54994899643,-0.462314767605,-14.7541319882
224,-8.63086320415,14.0005000344,-7.51702697384,-0.397726224712,-14.6442062488
225,-8.70762188928,16.0671192568,-7.00784449217,-0.396231113707,-14.8201329203
226,-8.61581099463,15.7018046731,-6.94624241624,-0.350128048379,-14.5712260419
227,-7.85516546328,16.5305738539,-6.36847585564,-0.0971574185121,-14.2732253652
228,-7.44856034418,16.6129622221,-6.95911528586,-0.687249360667,-14.7132252284
229,-8.29375420796,16.16225917,-7.06728376394,-0.718870475558,-14.686513317
230,-8.46427112341,16.0560304351,-6.8922471382,-0.677120915865,-14.7286081861
231,-8.88992293868,14.8914382303,-6.90414048177,-0.666284849292,-14.1391128579
232,-9.31120795733,14.0459663856,-6.75198833777,-0.154635341816,-13.7273488654
233,-9.37635859426,13.7418797754,-6.6410488689,0.0613764927805,-13.4681990315
234,-8.80448017418,13.6388580502,-6.99969731685,-0.0900762552979,-13.8724315274
235,-9.01006306752,14.2852668918,-7.25491354287,-0.409362384944,-14.382897651
236,-8.57792765048,15.7096818747,-7.00877065001,-0.595308753776,-15.0260436319
237,-8.60184033492,14.3796851876,-7.19521914664,-0.550311620755,-14.265822895
238,-8.94163840381,14.3183598613,-7.0359158869,-0.400976116498,-14.2532990052
239,-9.3070203095,15.5652000641,-7.95128252992,-0.639667873342,-15.5896992352
240,-8.82016405663,15.7330800842,-7.86869074318,-0.933230358533,-15.7089395104
241,-9.4856501791,15.7912223759,-7.80735482929,-0.668568530685,-15.7856988097
242,-8.9900527358,17.3718918969,-8.14598138032,-0.891178246628,-16.4867759227
243,-8.88752095529,17.0948456317,-8.65523789694,-1.19384456759,-17.2502909815
244,-9.57142544421,16.3720586957,-8.25086719699,-0.707862475354,-16.3197585858
245,-9.48896482888,15.6989106851,-7.66201034479,-0.619600466391,-15.917874378
246,-8.79593217567,15.5835619365,-8.24452537259,-1.12780083711,-16.3627709762
247,-8.57322176601,15.8140158209,-8.52836593325,-1.08463712668,-16.5510991233
248,-8.71874430208,15.3577624571,-8.62679442048,-1.37193794843,-16.5463190818
249,-9.33830295829,13.0154673362,-8.49285848946,-1.00041668691,-15.6359758613
250,-8.83607864155,13.574529239,-8.73003933687,-1.0069409092,-15.8121118717
251,-8.73419046103,14.1413919698,-8.45361543575,-1.05530996662,-15.7008095844
252,-8.51250301902,12.8454604082,-8.27395071761,-1.13899488147,-15.3212622241
253,-8.42164535712,11.8453765781,-8.50516745095,-1.42570410787,-15.117382849
254,-7.93476425082,12.2082524385,-8.46929344259,-1.46632372125,-15.0349582594
255,-7.53426932033,11.3727331533,-8.77796978976,-1.76328714062,-14.9524826889
256,-7.66194424498,10.6074570685,-8.02922988632,-1.42416786209,-13.9694181048
257,-7.87020349787,9.28265577492,-7.82107325808,-1.31988163397,-13.7307340377
258,-8.18580557787,9.65222218113,-8.53500645205,-1.30714240789,-14.2405722581
259,-7.88996563906,10.2870025349,-8.4651922959,-1.4478220229,-14.5529501083
260,-7.10369597376,10.1606032203,-9.39594661371,-2.33084317893,-15.1718326936
261,-7.09484890298,10.809308086,-9.00822404135,-2.35340975254,-15.1491036286
262,-6.97923701083,10.894171574,-9.34356851911,-2.3552075855,-15.3790138989
263,-6.54815714427,10.5558119327,-9.60943596808,-2.83709923394,-15.6984261838
264,-7.52466864813,10.6074764226,-8.81546833145,-2.12697832338,-14.8605232114
265,-6.68068650388,11.4325142332,-8.6458933814,-2.0858974939,-14.7757513859
266,-6.72542130087,10.7652185601,-8.92488578669,-2.55857898751,-14.8408148286
267,-6.36853891919,10.0330817319,-8.06704438026,-1.97650693552,-13.7565890029
268,-6.75972177878,9.46254218998,-8.17519398045,-2.0356655338,-13.7296226176
269,-6.72830368775,9.95996574271,-8.09966107306,-1.88096455638,-13.4537590725
270,-7.25281069894,9.00039802252,-8.43087794948,-1.59518807804,-13.8324318848
271,-7.34676646312,9.2332963445,-8.87758902215,-1.91851145778,-14.2402770285
272,-7.60555427514,10.3683663569,-8.62960432947,-1.8715362348,-14.4440048398
273,-6.34609526555,9.56457806807,-8.82058757395,-2.32053449485,-14.2312523277
274,-6.27500527223,9.7769411337,-8.50044891775,-2.04382988555,-13.8562530462
275,-6.27120764234,10.1217570647,-8.18775047076,-2.10760833342,-13.8255438186
276,-6.49987895418,9.1911629968,-8.45083088562,-2.08796801275,-13.9944685673
277,-6.35046807084,10.2752194384,-8.69121785385,-2.11255263809,-14.3500695934
278,-6.66043619212,10.0482845632,-8.07443586272,-1.68107376781,-13.7766137644
279,-7.30234454298,9.44138356831,-8.48265665138,-1.99144464045,-13.9109921893
280,-6.66700071077,9.75725682908,-8.50659322657,-2.55844250149,-14.0404929251
281,-7.17284956409,9.3309388284,-9.02423273637,-2.65154399393,-14.4188418891
282,-7.75673997054,8.86248796819,-8.93104147921,-2.18942615812,-14.2328347205
283,-7.9307794564,8.30911121619,-8.82805191069,-2.18434065675,-13.9540073488
284,-7.94515487849,7.16633108103,-8.93261674774,-2.05258990224,-13.921181043
285,-6.89073732868,9.0669674291,-9.27322930982,-2.69984976871,-14.2888970314
286,-7.68149430413,9.526019294,-9.37317120005,-2.50239215959,-14.8762473099
287,-7.87506432698,9.55682993661,-8.73916120297,-1.98556331574,-14.4020632243
288,-7.9308171581,9.27936808462,-8.96875334983,-1.99200813219,-14.4681893019
289,-7.71933923761,9.52466498356,-8.57369359544,-1.97148092967,-13.9167103945
290,-8.16797108102,9.0930328534,-8.36464379169,-1.63034152109,-13.6595520431
291,-8.1816768367,8.32626244106,-8.61943531951,-1.78181836368,-13.9995756587
292,-7.9645109582,7.06701926668,-8.44493703906,-1.74330898922,-13.4519493468
293,-8.70877689778,6.488141635,-8.5036551661,-1.33518463487,-13.1214932344
294,-8.21130712747,5.89761163474,-8.67487122629,-1.22358402498,-13.1215056619
295,-8.11184176326,5.69659470364,-8.35843148429,-1.25345246377,-12.7367609041
296,-7.59679352613,5.29345996205,-9.14700078738,-1.89139702176,-13.4180099999
297,-8.14593559557,6.0823772954,-9.17188932674,-1.79373143414,-13.5899514482
298,-8.25434689916,5.67908362977,-8.67798309869,-1.50536157367,-12.9812208909
299,-8.31992334944,6.01770976425,-8.36447676215,-1.62051875941,-12.7740048704
300,-8.55973573267,6.24266175088,-8.38454488839,-1.48289072379,-12.9518594323
301,-8.07098868066,7.13097695654,-8.70841035451,-1.81933335558,-13.4692357278
302,-8.00738027817,7.48517128583,-9.1175107329,-2.08638442837,-13.6289945429
303,-7.67555797247,5.85535456848,-8.57835902147,-1.99672216847,-13.4519936916
304,-7.17113560979,7.897123317,-8.58077837481,-1.9849486514,-13.5609516831
305,-7.74501395333,8.23761870152,-8.02337810445,-1.80279122296,-13.1100399173
306,-7.83553877289,8.08692810618,-7.79517677,-1.54128934086,-12.5675110288
307,-7.59936150426,8.13782680576,-8.1637459926,-1.81708440891,-13.1358857094
308,-6.8797520041,8.40385878651,-7.8875084341,-1.92904732502,-12.8213860036
309,-7.33433976102,8.08088891939,-7.77382848857,-1.76305237547,-12.717040465
310,-6.68713926075,7.72749856298,-8.21678039046,-1.90270285054,-13.2127751796
311,-6.70434428608,6.61533749738,-8.9877239181,-2.35288063661,-13.7545458859
312,-6.62325074124,5.36985664044,-8.53357076753,-2.07858885262,-12.6706567245
313,-6.36793176198,4.67411807807,-8.93003824436,-2.48360228543,-12.9012562645
314,-7.4251367394,3.76718041663,-8.75924948942,-1.98051655899,-12.3486642241
315,-7.74323298007,3.9002170746,-8.70997761306,-2.02075466455,-12.4530152562
316,-8.16195993167,3.05809953596,-8.37083266122,-1.46263058118,-11.8299483584
317,-7.76294402749,3.33339938209,-9.0169500054,-2.01322423303,-12.7246180699
318,-6.77300251583,4.1381755879,-9.96437118554,-2.64977253693,-13.9334170269
319,-5.68919346979,4.15024496509,-10.1822536661,-3.02376284478,-13.8262785847
320,-5.6660630642,3.32349919292,-9.56251399298,-2.66613135588,-13.2866909086
321,-5.77263052353,3.54761446413,-9.59000948626,-2.77468082443,-13.340576542
322,-5.59178974833,3.79160216461,-9.32578298592,-2.64936489619,-13.0391774098
323,-5.9441302159,2.93665441759,-9.24012497249,-2.44269179206,-12.8489809931
324,-6.22776210297,3.01137237874,-8.99107354733,-2.06959185216,-12.6158805468
325,-6.04632024125,2.74512311451,-9.31973261204,-2.2294248457,-12.8887092527
326,-6.39429216352,2.58110958534,-9.31349087742,-2.13489797997,-12.5581005801
327,-6.35202191405,1.94057814029,-8.81292014758,-1.99170382564,-12.3683404001
328,-7.30664497735,0.646753225813,-8.44332778639,-1.43134623832,-11.0274594572
329,-7.03922913692,-0.172030452415,-8.08523119806,-1.33238525219,-10.4035148775
330,-7.638767446,-0.215797324305,-7.58528456832,-0.535244386178,-9.94757304346
331,-7.69345658182,1.0095577025,-7.42572493956,-0.764915839276,-10.0734793193
332,-7.9740779231,1.24699877584,-7.43457837986,-0.695000777285,-10.3275779811
333,-8.13450555948,1.0851730114,-8.26439951721,-1.18285132409,-11.1064610788
334,-7.64604201635,1.17190534668,-8.32846475808,-1.26428583568,-11.1978145063
335,-7.86227590763,1.23644329355,-7.98241891083,-1.01881893793,-11.1019154916
336,-8.07392084404,1.29285054701,-7.75112983568,-0.887180853053,-10.3990134854
337,-7.77074799392,1.33571271474,-8.17261149451,-1.2961960474,-10.9697625056
338,-7.54518040047,1.35571580111,-8.36968178671,-1.63184603769,-11.3848167619
339,-7.26396147425,1.25194427727,-8.2594101378,-1.84017201169,-11.0964468548
340,-7.21692660812,1.17463895033,-8.24530098759,-1.72745172455,-10.9309613177
341,-6.96431233538,1.39566590865,-8.21893296452,-1.99333090699,-11.0208185194
342,-7.22518846005,1.78587044509,-7.89452043194,-1.54125303747,-10.5967924562
343,-7.41977517323,2.09881464935,-8.15550645686,-1.4683919704,-11.0518180815
344,-8.65233938538,1.83137629284,-8.95072994464,-1.91710308696,-11.8900397288
345,-7.96531007734,2.84497555763,-8.41060200443,-1.74403434745,-11.5965730615
346,-8.17512800379,2.99324435503,-7.6687530415,-1.33699922955,-10.8538569021
347,-7.66730341149,3.81846474142,-7.27749787852,-1.13206673388,-10.581276293
348,-7.99246315234,4.44538302363,-7.3661376177,-0.847999173145,-11.1595182428
349,-8.09542213161,3.62834552547,-7.03258734543,-0.634758408362,-10.356529982
350,-8.27277001696,2.83535037977,-6.86005974941,-0.403647888916,-10.2592523154
351,-8.26342778767,1.59305662629,-6.74207121258,-0.0105493464392,-9.70449602712
352,-8.96298112824,0.937331350565,-6.87160234577,-0.0947280487254,-9.39585530657
353,-8.37289297775,2.23714548944,-6.50881832377,-0.313517794165,-9.52361761042
354,-8.72558987342,2.15129451527,-6.63801943091,-0.30500141967,-9.7663517167
355,-9.69325911088,2.26938504001,-6.58079800818,0.23540993923,-9.63629749511
356,-9.32607150829,3.26416240131,-6.44532904681,0.0140546277237,-9.68575588712
357,-9.45213458555,3.39206029738,-5.64506189906,0.580562413607,-9.06915234442
358,-8.79778827057,4.43827280973,-5.62252020993,0.374243769749,-9.27801372635
359,-8.30978473075,4.33244702297,-5.82748073003,0.00249565593622,-9.30666107791
360,-8.40294793053,4.37059764263,-5.61862134091,0.425251368895,-8.95415809954
361,-8.30590324107,5.03925469249,-5.13844936139,0.0120098731111,-8.98056487952
362,-8.76442947313,2.88260536591,-5.47206586821,0.0107759697454,-8.49820042931
363,-8.10484566069,3.4190123307,-5.61698767617,-0.115206338007,-8.85192466698
364,-7.82034518727,3.31449030434,-6.16597727057,-0.77011725995,-9.27594400942
365,-7.5371576461,2.53681231277,-5.54995506174,-0.486611898012,-8.25319686113
366,-7.77279623646,2.16250984029,-5.88440952329,-0.481927501937,-8.51532364379
367,-8.15782617037,1.33003334758,-5.37147430649,0.0658360700383,-7.53393410332
368,-7.83253589206,0.437254273227,-5.60155383897,-0.208864608532,-7.57863904568
369,-8.26990979582,0.824040921398,-5.76367892903,-0.33466404889,-8.14395492128
370,-8.54100293687,0.934081863545,-6.06588862301,-0.318402102047,-8.06765646531
371,-8.10309392539,2.04844276819,-5.88457436783,-0.203370433555,-8.24963880732
372,-8.55713704274,2.66130315091,-5.60092150186,-0.247773585611,-8.51034862129
373,-8.97491690133,2.63089653151,-6.19344763285,-0.372412848934,-9.01424694103
374,-9.46440345525,3.27883707552,-6.14904204358,-0.130038700067,-9.09291725832
375,-9.76852837167,2.22005774597,-6.64842922659,-0.638330195338,-9.40888660449
376,-9.81343356342,2.54796033493,-6.54654622474,-0.466846945321,-9.37728410355
377,-9.90595390825,3.11472798511,-6.08319228033,-0.276385566216,-8.89707105564
378,-10.0606978494,2.92644277261,-5.90574021754,0.0367629974542,-9.14893104395
379,-9.50652925057,3.28266883242,-4.9613208755,0.342209248718,-8.10537624928
380,-9.58418665872,3.8766496612,-5.24830100967,0.359084238186,-8.19590693663
381,-9.89401168579,2.06957552028,-5.63523655415,0.145310208416,-8.19634691258
382,-9.65468123662,2.02909735743,-5.32637534899,0.423842420979,-8.06404805054
383,-9.79396204752,1.54333684439,-5.19759372657,0.602031889142,-7.71507075773
384,-9.88286541318,1.78013548446,-5.53743142504,0.282331702022,-7.92410392346
385,-9.48530868847,1.92025383026,-5.46791292084,0.225389019431,-7.94717342937
386,-8.55400180014,2.84556540415,-5.22055031165,0.00423736484871,-8.25373689445
387,-8.40696358222,2.42245234412,-4.72874143522,0.315896235064,-7.36916602825
388,-8.14322786372,1.30858876418,-4.82083008604,0.424401643227,-6.98000265843
389,-8.16291600017,1.69186634645,-4.51155283419,0.291003204101,-6.70316047617
390,-8.53091874205,1.27144221699,-4.50718964342,0.840421450226,-6.68204395158
391,-8.66087628811,1.48490925703,-3.97132998311,0.875778086732,-6.30483045504
392,-8.40002328914,1.38502525426,-3.75445926445,1.18526369322,-5.73899118538
393,-8.27669129654,1.13692236299,-3.86856389371,0.850751134598,-6.09108617681
394,-7.31317837859,1.76308330778,-5.1213071419,0.114118785201,-7.32826075836
395,-7.25022422516,2.96161225375,-5.62420024952,-0.732659758151,-8.33834224117
396,-7.86073669368,2.84663589523,-5.85914635384,-0.387925476411,-8.77189288818
397,-8.14796647926,3.38900309609,-5.7991352622,-0.527063650768,-8.83085023799
398,-8.56664316014,4.60772362136,-6.12900909676,-0.398177419983,-9.53720460939
399,-8.61231338753,4.92462337169,-5.78979304588,-0.453294363648,-9.30874415042
400,-7.70873173115,6.16721620762,-5.85656227757,-0.239444088884,-9.77125080503
401,-7.26972385405,5.61093419903,-6.30580446895,-0.949776276452,-10.1532343556
402,-8.18118410514,5.08660551332,-5.79117039661,-0.422191796007,-9.4646787436
403,-8.39302835758,5.0186308153,-5.98055682464,-0.286398046377,-9.77303263751
404,-8.45120564479,5.43622599565,-6.01100741435,-0.0924211653169,-9.66587896574
405,-8.77717487724,4.57784356666,-5.42815805348,0.274359490904,-8.69207026548
406,-7.99762789661,6.97906775455,-5.75459747037,-0.325703879872,-9.92401567847
407,-7.47412209775,8.12110138125,-5.43940822872,-0.334143670966,-9.88979621842
408,-7.5076625296,8.16014031735,-5.39546303451,-0.66865947211,-9.80992172332
409,-7.56219875714,9.34156848616,-5.54616791243,-0.681005635408,-10.1546704081
410,-7.63574817061,9.31637788592,-6.00730915613,-1.06318316396,-10.6843343988
411,-7.65555736237,8.59215891383,-5.71515975211,-0.546468229129,-10.2026101588
412,-7.66567019955,8.2000572421,-5.28553211424,-0.346009703564,-9.74519606652
413,-8.59988941769,8.81778864354,-5.60867089774,-0.173846094319,-10.5147296075
414,-8.28473746502,9.73446559574,-5.52025007461,-0.51324797308,-10.6856067909
415,-8.0514735486,9.87640655675,-5.28097052559,-0.483061911563,-10.2841109492
416,-7.50275965972,10.66586562,-5.40068269393,-0.721122223517,-10.5494663524
417,-7.38409558973,9.84989909125,-5.51700728169,-0.551493987826,-10.6729821817
418,-7.89270233241,9.4678135448,-4.80993870943,-0.0410824462506,-9.81241582448
419,-7.73693337744,9.74385841501,-5.06706350035,-0.227931465969,-10.2169061939
420,-7.25289280104,9.75097055911,-4.68360735941,0.0725458155731,-9.63680971649
421,-7.85447518349,9.41684052024,-4.78934582494,0.0277483434469,-9.916599754
422,-7.21944245027,8.15535815451,-4.33769370049,0.224186164904,-8.65592658869
423,-7.40298953781,7.81105918663,-4.73301890265,0.106922482561,-8.94538459399
424,-7.73029367255,7.60646949382,-4.68875474343,0.166924934716,-9.05172100717
425,-8.05324202277,7.27356876639,-4.41979641869,0.130739269101,-8.59688325423
426,-7.81084501956,7.7930148114,-4.29311237575,0.405559230994,-8.54447769864
427,-7.53417549554,6.67778131612,-5.00513140275,-0.326244682892,-8.99173502529
428,-7.7357111047,7.62045657247,-4.82306327693,-0.132391671396,-9.11775513748
429,-7.7911062034,8.88230287703,-4.42487324004,-0.113841966333,-8.88818802495
430,-7.83530916906,8.96587714813,-4.69677204484,0.0187803889705,-8.97989947253
431,-7.42014546711,9.52102154038,-5.213329279,-0.666141912715,-10.2570045187
432,-7.90113403405,8.94855601903,-5.43017559315,-0.416684186876,-10.2555224557
433,-7.77056066986,9.67406943057,-5.27412712919,-0.330577152846,-10.225851485
434,-7.53729176639,9.09677751245,-5.44013208696,-0.378973572394,-10.1139227671
435,-7.90999682194,10.1914292853,-5.73555243988,-0.669245398375,-10.7891552325
436,-7.07468896027,10.2961189,-5.83629197868,-1.20419418996,-11.087497576
437,-7.76007059592,10.3100931082,-6.22272952033,-1.07571510279,-11.1875318833
438,-7.96264221574,10.0917413626,-6.61961853455,-1.31866473913,-11.5703014082
439,-7.70634352868,9.48925131874,-6.02747636691,-1.20374307985,-11.0233131669
440,-7.92952012287,8.176289281,-6.25078541743,-1.213336004,-10.9163228899
441,-7.61000038351,7.60002390721,-6.58005538523,-1.60599428606,-11.0160160331
442,-7.71997695775,6.95657228664,-6.64504615318,-1.18628364509,-10.7089656534
443,-8.45792022606,5.68756171623,-6.11406348849,-0.455851618868,-9.96455616534
444,-8.63704101162,4.52356954888,-5.76194770581,-0.0735564578827,-9.32882534384
445,-8.83852254797,4.59575340633,-6.26772767449,-0.304832549365,-9.89891221823
446,-9.28388744959,6.76240785433,-5.62508526868,0.0406823127046,-10.1534140373
447,-8.99402212503,6.05994562464,-5.1722868443,0.183630881805,-9.22305412258
448,-9.46860166801,6.33427372021,-4.56946478971,0.81492218602,-8.3865172097
449,-9.44904192017,7.10371649114,-3.84718258557,1.14522132528,-7.83567030285
450,-9.30068905891,6.26780398737,-3.76264645987,1.05703889768,-7.60883361447
451,-9.05363785907,7.08639425464,-3.5723518982,1.19752274819,-7.77917735641
452,-9.45011447489,7.69958976553,-3.65613567541,1.26177311127,-7.86654932962
453,-9.37828458035,7.90189506739,-3.18362808079,1.26932312211,-7.57080295941
454,-9.00342903927,8.59705538568,-2.74452614018,1.41558921167,-7.40040203318
455,-9.30866334623,8.92724332929,-2.82863765568,1.8799201478,-7.44004070415
456,-8.80460535166,9.35788488726,-2.88301106748,1.46270161512,-7.76989572533
457,-7.83491155484,9.05252174014,-2.61219108646,1.243057125,-7.23600233632
458,-8.00626585156,8.99523619937,-3.24749002239,0.984196902256,-7.88996734183
459,-8.28543558439,8.89861964252,-3.22518774513,1.45142473469,-7.76297147151
460,-8.6252064253,8.86482028319,-4.1729426727,0.564955757709,-8.66786554543
461,-8.86659274988,9.04428287641,-3.93088339641,0.760658009952,-8.65573753271
462,-7.83673197153,9.67167516954,-4.45977710346,0.202469477781,-9.27234575235
463,-7.61283804644,8.77427878023,-4.32300177412,0.211056749915,-9.39567839173
464,-7.97006867205,9.2437852131,-3.91591221507,0.551959380889,-8.70345380127
465,-8.12954182258,10.5250892462,-4.0265848175,0.620954610909,-9.2153873358
466,-8.39415189099,8.79267278439,-4.24443524754,0.617886880166,-9.01116625927
467,-7.75939747441,10.2206349381,-4.32542056965,0.0382391624687,-9.55060037024
468,-7.3878455675,10.5931317384,-4.67966200294,-0.32270383705,-10.018580555
469,-6.62747411302,11.3852625973,-4.11973958456,-0.138222869787,-9.61881878072
470,-7.32967370223,11.436494309,-4.43570985115,-0.0384019039489,-9.76173887141
471,-7.60119371513,11.7167191169,-4.29435287095,-0.138608189796,-9.94846811681
472,-7.56984590221,10.6323592942,-4.83278406931,-0.554011667964,-10.0689564692
473,-7.98024487248,10.3345816287,-5.21855708438,-0.345941788809,-10.2299248207
474,-7.39348086618,11.0032546009,-5.59831945775,-0.989658264728,-10.9366152086
475,-7.29383837744,10.8331985202,-5.69579470023,-0.914770698374,-10.9477323007
476,-7.06461535502,11.1040234457,-5.77558791439,-1.25593234237,-11.1211327558
477,-6.88896938016,11.5735224439,-6.39115832553,-1.7624374916,-11.9493852064
478,-7.55671754218,13.4943718782,-6.46196393323,-1.65053404919,-12.4846864751
479,-8.38609650853,13.1134194359,-6.76328291227,-1.73090050038,-12.8709323161
480,-9.04284843042,14.5239363857,-6.74779448588,-1.73952140978,-13.0705720039
481,-8.60716065284,14.8954501626,-7.1352385002,-1.98104858032,-13.5983782215
482,-8.72574238064,13.7802052507,-6.98589932587,-1.97446305837,-13.338191356
483,-8.73482675513,13.8210408929,-7.75921259593,-2.41182448906,-14.0620638562
484,-9.06670465571,12.5822383107,-7.16145451299,-1.76309768158,-13.0663818785
485,-8.33823360512,12.7726425667,-7.79413096054,-2.49821005812,-13.7482397933
486,-7.80803101857,13.6969917396,-7.6772874059,-2.86938488621,-13.9728420688
487,-7.90706317854,13.6001196399,-7.55718412173,-2.55031853651,-13.6750813602
488,-7.70543957218,13.7961012533,-8.13150113839,-3.12691380322,-14.3613180308
489,-7.46745148663,13.8870335928,-7.98469677293,-3.15082657539,-14.031984076
490,-7.56894929039,13.529133025,-7.86581980201,-3.4904976915,-13.9537179422
491,-7.90817321347,12.6224920923,-7.76928527731,-3.07432375361,-13.3906077063
492,-7.74395775214,11.9421206595,-8.2383068654,-3.54607771194,-13.7826114429
493,-6.89149021797,11.1459154364,-8.84651776388,-4.02705388465,-14.2798531336
494,-6.83004452131,11.3949568352,-9.02745233278,-4.09550125277,-14.2779559998
495,-8.20499265384,9.92810262799,-8.23624802267,-3.09030964092,-12.9438913323
496,-7.90265306486,10.3879136248,-8.47991644205,-3.42574193544,-13.5207488054
497,-6.99430831807,10.2745360103,-8.63073093963,-3.48171940609,-13.6908123216
498,-6.5341483316,10.8149075985,-9.23225598149,-3.82382844706,-14.4066704898
499,-7.22665817291,11.1019560664,-8.95168258846,-3.53128619196,-14.1223733425
500,-7.86277256547,10.60752055,-8.45029118876,-3.0795014755,-13.8857299247
501,-7.62848920276,11.4835661568,-8.6249884299,-3.37504848417,-14.4473529862
502,-7.60851695553,11.4903822799,-8.42751680283,-3.17082651098,-14.151223807
503,-7.41243008797,11.9379955165,-8.55682214019,-3.15903468408,-14.4977835601
504,-7.64888210927,12.0776474255,-8.30432405903,-2.92603812562,-14.1611867869
505,-8.6741774247,12.5280743316,-8.17741652592,-2.39848547493,-14.1288630903
506,-8.41238889407,13.451442609,-8.03745344589,-2.83762630479,-14.5714832036
507,-8.77066432459,13.8056270205,-8.52337183467,-2.92202821614,-14.8586924241
508,-8.56343769158,12.9475210923,-9.14684844463,-3.26053368467,-15.6518225187
509,-8.464455479,13.7823831968,-8.58680769101,-2.65905012676,-14.9408435091
510,-8.85276625908,12.3419527514,-8.25968756831,-2.65926448761,-14.148178069
511,-8.74103528242,12.492267677,-8.16660354159,-2.79576840443,-14.0153826665
512,-8.6953577304,12.2037388265,-7.48737064047,-2.34766806188,-13.5043309345
513,-8.31867578197,12.8511848476,-7.63850544137,-2.31687292089,-13.4887027518
514,-8.72089212441,11.3608422123,-7.15361856699,-2.26748317198,-12.6046672194
515,-8.97049831731,11.8138559199,-6.88358866448,-2.22921272844,-12.8922632333
516,-9.03794706422,13.1022633982,-6.90344107633,-2.04962429964,-12.7236624824
517,-8.76051670559,13.4409848492,-6.58883983792,-2.05127921863,-12.6074998148
518,-8.91338039346,12.6519258915,-6.64030013965,-1.82264899838,-11.980924941
519,-9.53039972035,11.9926068536,-5.73664271767,-1.19906734984,-11.3024098119
520,-9.56933539459,12.4738179657,-5.36522119534,-1.27302916004,-11.3220620935
521,-9.27093923233,12.1809713568,-6.05137153051,-1.56542168147,-11.6892131865
522,-9.10470381783,12.8443664375,-6.17461429576,-1.70650623113,-12.2023759588
523,-8.70481209955,12.8757796631,-5.62283784861,-1.02909920774,-11.3078745886
524,-8.36832904481,14.0887254045,-4.54259677738,-0.756947847904,-10.7469425555
525,-8.27192838772,13.5284975888,-4.98814929013,-0.982554080124,-10.9537711845
526,-7.81605932555,12.3349289299,-5.04685757359,-1.063642532,-10.4764999707
527,-7.62519968994,11.762425275,-4.95656489865,-0.900379743579,-10.276332642
528,-8.1882585754,11.3375643458,-4.91191857095,-0.807628368749,-10.0569120581
529,-8.45941601411,10.454784064,-4.74170003843,-0.542878703538,-9.73767739866
530,-8.73117345399,11.4131380545,-4.28437756707,-0.327483941886,-9.51709313378
531,-8.68143454688,12.1767437654,-4.44634362562,-0.355483985965,-9.99097182509
532,-9.07184340599,11.2145931578,-4.61698978583,-0.283813726328,-9.90119512012
533,-8.36517669787,10.90191099,-4.73905011775,-0.0679401761346,-10.0480795818
534,-8.12854443861,12.7793891363,-4.60968203496,-0.684053053687,-10.4959523652
535,-7.82630271147,13.2889108151,-4.03395603121,-0.0526246773507,-9.65707971333
536,-7.13754030246,12.33305472,-4.62251351717,-0.513591809941,-10.0506041372
537,-6.79153765699,11.5254685522,-5.28642436084,-0.796837909631,-10.7505435107
538,-6.61249938734,10.5939083448,-5.29295891382,-0.916465477084,-10.3119753157
539,-6.83068917195,10.4725693866,-4.36085444131,-0.368642493868,-9.382408942
540,-5.6249721521,11.927704318,-4.24339737787,-0.619606917631,-9.81949407439
541,-5.82758001032,12.6964738173,-4.03365702004,-0.416245692851,-9.38431980968
542,-5.46903104807,13.2779186097,-4.12343285594,-0.682641438986,-9.87646142634
543,-4.97778064306,13.4885100764,-4.2759284571,-0.793641438115,-9.72648765469
544,-5.0560312196,14.051502874,-3.71367375886,-0.489199656744,-9.81689350133
545,-4.55187916276,14.2140313756,-3.70650309796,-0.655470642907,-9.73140394667
546,-5.04254752385,13.6516363661,-4.30195859918,-0.728160625021,-10.180321458
547,-4.26246022655,13.9133421333,-3.84133734094,-0.583289916747,-9.97918976505
548,-4.30214989462,13.1366364502,-3.81401849127,-0.608200897574,-9.74794696739
549,-4.35823825962,14.4217154288,-4.46489684024,-1.00864119121,-10.7181584852
550,-4.32602595593,14.5305788233,-3.98466464503,-1.03214650642,-10.1469047302
551,-4.02879976477,14.7398679005,-4.06644601558,-0.721154120771,-10.2467158925
552,-4.27308512946,14.6201722033,-4.55144033265,-0.952365352585,-10.747980141
553,-4.28874816482,13.7473321846,-4.79460329121,-0.955454563345,-11.1410125472
554,-3.74881459131,14.20530683,-5.36614021922,-1.34080791792,-11.8195624562
555,-4.20199718521,13.5226440531,-5.81821952939,-1.38950062498,-11.9642409495
556,-4.40355016096,14.3638955592,-5.87343422489,-1.50608877181,-12.4185984184
557,-4.45454402232,15.042505325,-6.1696896542,-1.68202900454,-13.0148345617
558,-4.31821523634,15.3293822395,-6.2316188467,-1.90132290723,-13.2911360142
559,-4.04312675663,15.6577447607,-6.72475537859,-1.91372353818,-13.6463671282
560,-3.42184078061,15.3309173613,-7.40708003453,-2.55459473853,-14.3931190219
561,-3.46542523055,15.5265808332,-7.15205396266,-2.41805844221,-14.4278386867
562,-3.78797354277,15.2357698666,-7.24297919198,-1.98435074217,-14.2522705939
563,-4.20737944965,14.4814608454,-7.09199259694,-1.95163465121,-14.1030466685
564,-4.54269522253,12.2715493338,-7.654516447,-2.1202464768,-14.0360563518
565,-4.47303696956,12.2247565117,-8.17007775873,-2.19147781262,-14.8423105568
566,-4.84128186341,11.8935839328,-8.38936181625,-2.18331007359,-14.448125846
567,-5.12214988866,11.5443487689,-8.47707379112,-2.32353455782,-14.68071878
568,-5.25781192718,11.1259589377,-8.27449247298,-1.89947257662,-14.1643465599
569,-5.28658831291,10.7458012983,-7.88058968271,-1.50991744653,-13.7810715039
570,-4.95171525155,10.2711007527,-7.59925773373,-1.55919448714,-13.5703836116
571,-4.79287660952,9.96925879248,-7.58528757465,-1.68185852437,-13.4275989095
572,-4.91077459307,9.35293272808,-7.34826410505,-0.994021443761,-12.632467089
573,-5.02873222517,9.7990983064,-6.91338823615,-1.01585391571,-12.5090859382
574,-4.62672655999,10.4287748512,-7.19565884292,-1.06561909499,-12.8337233374
575,-3.9909839471,10.5360769285,-6.3867871409,-1.06884544163,-12.4760850685
576,-4.12511021435,10.865201491,-6.63547505921,-0.909982534914,-12.5158359497
577,-4.27063822465,10.7290321497,-6.91243856629,-1.30452901855,-12.9756509074
578,-4.56000092545,12.508475048,-5.96571115089,-0.625251071604,-12.3235128486
579,-5.20045551281,11.7188498044,-5.88311399809,-0.454483225893,-11.9946006971
580,-5.94018271083,9.90268294036,-5.60932152216,-0.0347275761663,-11.3316152655
581,-6.35766764757,9.20913413382,-5.2576362716,0.162587884754,-10.849867214
582,-6.72627744267,8.18433300416,-5.29058658023,0.524518988078,-10.3179059859
583,-6.51015900161,7.91043597658,-5.02336734175,0.475116906637,-9.8179849834
584,-7.25652757603,7.80180711227,-5.14917539965,0.684433012121,-9.93995920855
585,-7.44035353094,8.20685317741,-4.9611278416,0.810327631401,-9.84229115563
586,-7.62766364006,7.92427710556,-5.1492800484,0.748908880878,-10.141460514
587,-7.70178958959,7.63113921284,-5.43877867225,0.752647825505,-10.4246339377
588,-7.49106609626,9.14308677063,-5.48085850864,0.635582264394,-10.7402738296
589,-7.25616895029,8.8736707429,-5.76380250306,0.132945563895,-11.0433448485
590,-7.33431616966,8.14642933723,-6.09803772091,-0.0205251631087,-10.8770554984
591,-7.43448468892,9.45371300809,-6.27090816414,0.014245651137,-11.7834224741
592,-7.19098227612,10.2584564544,-6.38153071625,-0.402953286303,-12.1013384295
593,-7.54879122218,10.8772018605,-6.44407288881,-0.196619130316,-12.4926897215
594,-7.43726130917,10.7988362824,-6.52533498918,-0.424125937965,-12.2598369654
595,-7.51923947359,10.576279005,-6.23134715896,-0.447945723202,-12.0205301554
596,-6.57639833166,11.5521989554,-5.8161016976,-0.660638769623,-12.1212685319
597,-6.45425915778,11.1904992511,-5.40884639078,-0.57603862369,-11.0086974409
598,-6.65475002972,10.507567486,-5.8045033429,-0.546150253913,-11.0720770569
599,-6.83628199523,9.98916308058,-5.72309371328,-0.47068711995,-11.3171561967
600,-6.40270013575,9.50088787203,-5.59674002321,-0.522702858737,-10.9974602158
601,-6.31702264897,8.71390106346,-5.84838538666,-0.722974436048,-10.8802371565
602,-5.85616493326,9.66760249247,-5.86858496783,-0.979889372383,-10.8289542507
603,-4.99700649684,9.47359543822,-5.9264016263,-0.957137982385,-10.90037621
604,-5.96165331384,9.29344332534,-5.21791642348,-0.329339871814,-10.0527965597
605,-5.59958623603,9.55233799498,-5.25838326099,-0.666078081926,-10.2800391203
606,-6.28423323392,10.5618365531,-5.33635198344,-0.338854421759,-10.7994108691
607,-6.20609011005,10.6712030539,-5.6477416912,-0.567773066416,-10.8319140177
608,-5.89383316309,10.6117497366,-5.06653971734,-0.595664771056,-10.2450349708
609,-5.39098713941,10.2826363488,-5.42351347656,-0.93382506455,-10.6656641642
610,-5.37558699323,10.5928691156,-5.69331708589,-0.913659120363,-11.2238003136
611,-4.79321498006,10.9584722697,-5.79209207482,-1.12055325463,-11.1181507679
612,-4.20012794958,11.3358361906,-6.29262536462,-1.7997411365,-12.0616244934
613,-4.06827298003,11.2260338308,-6.5078844824,-1.73864594698,-11.9520265037
614,-4.68824364941,9.53765424762,-6.39107707531,-1.64430306595,-11.4008937318
615,-4.333568712,10.2322219592,-6.16100882455,-1.61071064434,-11.3360552224
616,-5.28896089746,8.81440811911,-6.11083146356,-1.09024225699,-10.6386340873
617,-5.61895478343,8.97582579379,-6.26562522823,-1.25483168214,-11.4151122526
618,-5.39151720994,9.10308049435,-6.29574940775,-1.29122403525,-11.3080905271
619,-5.67004035877,8.13514388254,-5.95060921903,-1.07624631024,-10.7249156376
620,-5.9409193667,7.82636509969,-6.01479703818,-0.747904744361,-10.7382074755
621,-6.08666094717,6.45166087746,-5.6912383329,-0.384432155041,-9.92811621033
622,-5.96197903317,7.46389005128,-5.59272861253,-0.292797751004,-10.1161188471
623,-6.35515903365,7.93597796374,-5.91736775562,-0.48114585324,-10.9649848953
624,-7.32092249928,8.06970979388,-5.5646187706,0.148659138064,-10.5784669781
625,-7.67352757707,8.58622024166,-5.90106242674,-0.107241677064,-10.9309742618
626,-7.82316942682,8.06324909482,-6.57837839745,-0.337796398254,-11.3582637987
627,-7.79055569042,8.35663991703,-6.03415399688,-0.136005286013,-11.0348750904
628,-7.66418439941,8.15778365353,-6.77675085366,-0.782683321613,-11.8135527176
629,-8.47793636094,6.43751021678,-6.22516237698,-0.410418798614,-10.3963509426
630,-8.37018996314,7.12293519844,-6.41155372408,-0.170493319344,-11.2222577492
631,-7.76247910431,8.04775925117,-6.15816802589,-0.375175553598,-11.2454400195
632,-8.64277045125,6.63034588782,-5.99218096017,0.285219294969,-10.585924295
633,-9.19485691557,6.63463311394,-6.01348867194,0.446238666716,-10.6987401232
634,-8.78628767952,8.67650487412,-5.95220465628,0.257241434434,-11.2890938009
635,-8.86689196065,9.07477663572,-6.46028028093,-0.0860344247153,-11.8903971948
636,-8.42919690551,9.35005160334,-5.26054753395,0.266549698447,-10.4563193072
637,-7.96179979842,9.36795539252,-6.15509700803,-0.319844350195,-11.4919166459
638,-8.21500353198,10.1720461638,-5.80720898706,-0.0432955320264,-11.3745673095
639,-8.34997922566,11.4328723533,-5.62650314648,0.0635914309315,-11.2690101799
640,-8.72450254851,10.6212277058,-5.14718048962,0.392934800088,-10.8287851994
641,-8.86936806254,10.3823506314,-5.25234903323,0.406129888894,-10.8226662622
642,-7.55340396531,11.4108988611,-5.66510528278,-0.00188711481323,-11.4863768062
643,-7.96629936617,9.91534871051,-5.88423383214,-0.0196619591553,-10.9315552741
644,-7.38327037015,10.0729998009,-5.77174333374,-0.412355343943,-11.1572623847
645,-7.39457357296,9.16923250992,-5.83076222376,-0.407360151486,-11.0243956425
646,-8.00404327268,8.75338244604,-5.88121439097,-0.128696293641,-11.0727732758
647,-7.52676260797,7.84656868254,-5.18995203862,0.410626342705,-10.0560473406
648,-7.56769890592,7.13922319886,-4.90610149255,0.616152320526,-9.28084331636
649,-7.36422240599,6.95918083598,-5.50779580176,0.0734546001841,-9.98589746207
650,-7.31465254398,6.2066469425,-5.74855248183,-0.147086471988,-9.70986816079
651,-7.36877709902,6.40480609309,-5.52745982897,-0.262173192346,-9.96687184193
652,-7.22248648288,6.12935925218,-5.50562603459,-0.0288147824838,-9.71613313098
653,-7.06059909056,6.96185396183,-5.12170245121,0.25200954223,-9.33429804032
654,-7.33100628333,6.53773446505,-5.47195358789,0.07057154315,-9.475894278
655,-6.9820374743,6.64369997084,-5.59125586929,-0.21023749067,-10.0974227438
656,-7.42528052115,6.00550992939,-5.87736367459,-0.276582527915,-10.058745816
657,-7.8951722821,5.89341262122,-5.0277623395,0.513264104677,-8.9419088894
658,-7.82426425136,5.86610467231,-5.42973604633,0.579845870883,-9.23760800538
659,-7.6612805635,5.54851677406,-5.35767785247,0.274720415231,-9.21986637073
660,-7.31096488925,5.30055162713,-4.68068538588,0.456142560505,-8.43103327044
661,-6.99940783035,5.53626344284,-4.8967008757,0.214130846864,-8.69255980792
662,-6.74412698867,5.67978658306,-4.35881995758,0.426349839973,-8.18350599855
663,-7.20716008137,5.71759636047,-4.76794301802,0.376503569826,-8.58264487246
664,-7.4422827163,5.09575033732,-4.65277280088,0.540370731978,-8.44354929701
665,-7.72407252154,3.8368952519,-5.10912362071,0.832151509446,-8.31656354701
666,-7.6756765792,4.02904996763,-4.67220063132,0.923193983332,-7.87159862485
667,-7.44766395806,3.86614359714,-4.7944621399,0.543414838244,-7.87279478449
668,-7.25937962602,2.93869048913,-4.74002146987,0.710791482998,-7.92797864948
669,-6.52761452884,2.78202577741,-5.51790285557,0.0561235542347,-8.66875779618
670,-6.68665186158,1.94821419299,-4.84544453174,0.510960451429,-7.63541307249
671,-6.92875602961,1.83058897211,-5.23800466058,0.505447681518,-7.85641627241
672,-6.63536433283,1.20444406247,-5.71702347349,0.300327255742,-8.35310333729
673,-6.3384086199,0.73017334055,-5.48238397369,0.375710125434,-7.75390922244
674,-6.34357000752,1.55663058861,-5.03470808266,0.359971047376,-7.76053956747
675,-5.94028553326,2.43199585766,-5.09621433527,0.229659270944,-8.07821189072
676,-6.25897679782,2.69406242016,-5.17138954514,0.42042113816,-8.16018619034
677,-6.69209433793,2.0324795398,-4.66977280949,0.68411650407,-7.44078895275
678,-6.40468704147,1.61071567704,-4.23146923035,0.832000027117,-6.65512888455
679,-6.66132500822,1.99604864852,-4.53336489546,0.639292369325,-7.22463873813
680,-6.91208712765,2.40989957967,-4.61332209194,0.576387344841,-7.69925913415
681,-6.73765670651,1.78720953306,-4.92693953402,0.422258171775,-7.89048876601
682,-7.64061157539,2.37987586954,-5.20850149612,0.630708319893,-7.79528337721
683,-7.54679349991,2.17942194278,-5.61934679035,0.218386160231,-8.39483144812
684,-7.54125834141,0.835304170411,-4.86935961238,0.553335337336,-7.525139522
685,-7.5086273713,1.36116757282,-4.90558279198,0.794107455743,-7.23086456321
686,-7.7461923385,2.4193649484,-5.51033221406,0.00654594237631,-8.0356851685
687,-7.76241899392,2.21803593906,-4.95928237875,0.212900845441,-8.04726441212
688,-7.0433409924,3.24860727507,-5.57623238173,-0.461690807678,-8.6688356437
689,-7.28969708048,2.80967718149,-6.10414906222,-0.427454179703,-9.1015527772
690,-7.39644892549,2.87510414223,-6.1875061726,-0.449133740241,-9.21862992049
691,-7.37646265439,2.61267170972,-6.20944729039,-0.421285115907,-8.96867571003
692,-7.09646306357,3.49152325194,-5.39579635573,-0.365591886467,-8.30953814114
693,-6.50513394267,5.15855802041,-5.66665072601,-0.640210396427,-9.28055135762
694,-6.13051463364,6.41389810361,-5.34176976591,-0.823623519687,-9.20537449094
695,-6.36723598408,5.54328985421,-5.74475914008,-0.975366290819,-9.43252755039
696,-6.91214369815,5.44605892685,-6.23017574508,-0.961233988667,-9.94932866501
697,-6.65001944482,4.71339054555,-6.79598385537,-1.18895185732,-10.3258154228
698,-6.6469536433,4.77953859565,-6.73005042362,-1.19496905249,-10.2752635942
699,-7.4023108563,4.48256127238,-6.4695661708,-1.2425981984,-9.77229943843
700,-7.67969706944,4.90067978358,-6.51013757105,-0.699847921714,-10.0406919
701,-7.62267589332,4.29231248937,-7.04878184319,-1.12180371462,-10.2244480923
702,-8.03913354476,2.23863428466,-6.74472847184,-0.646262716956,-9.73640472641
703,-8.50723674577,1.89745906234,-6.49109370708,-0.444589897447,-9.54682908844
704,-7.75029099976,2.98203193151,-6.94346904671,-0.801790845952,-10.2251154176
705,-7.28785811927,3.13113336047,-7.3116859698,-1.4377314492,-10.6418381098
706,-6.98934980143,4.02979535667,-6.89126357266,-1.31623495347,-10.6754242063
707,-7.48665821261,3.61452387991,-6.73606064589,-1.19715140442,-9.92213030459
708,-6.83419122043,4.67947228607,-7.84574578667,-2.039294219,-11.575591842
709,-7.47840517635,3.92011152907,-7.61895070354,-1.85481713606,-10.9481770032
710,-7.55326784057,3.28603090769,-7.44202529127,-1.21637628248,-10.8060757203
711,-7.79525152167,1.79222368955,-7.17323621434,-0.980525616591,-9.99120396889
712,-7.61516673261,1.60884638757,-7.13883506973,-1.17278481839,-9.89665740678
713,-7.47273256367,1.64096134297,-7.18350600842,-1.09082692103,-9.83737076811
714,-8.08073073502,0.34036709366,-7.85247598452,-1.45719294076,-10.1103382971
715,-7.28504311012,-0.131516143604,-8.2850712132,-2.04627026327,-10.1841090123
716,-7.35496138612,-0.698449616329,-8.41319192417,-2.19707895325,-10.2932025533
717,-7.55975613801,-1.38771383611,-8.49930382214,-2.06348952289,-10.1121907007
718,-8.18194259285,-2.24582797484,-8.60276926588,-1.96278368365,-10.0567472033
719,-7.87723984599,-2.40513159387,-8.90856781967,-2.16986749468,-10.4375983978
720,-8.54871094765,-3.20447198015,-8.52984265654,-1.75093818422,-9.6195506035
721,-8.30887049766,-3.11039927891,-8.1370700895,-1.88962388648,-9.37946117952
722,-8.52478123779,-3.07006155417,-8.44093129431,-1.97028186819,-9.40056065167
723,-8.52959757054,-2.93103223485,-8.35386134974,-1.8306290944,-9.5524735806
724,-8.40016469044,-3.240631443,-7.7859386619,-1.50196984774,-8.68319548012
725,-8.59832053918,-3.51219301753,-7.52539429167,-1.13003941015,-8.33059335705
726,-8.53674267008,-2.76618311607,-7.7530733192,-1.69087066846,-8.96196019468
727,-9.19387946828,-2.09173011762,-8.11641103356,-1.68864155233,-9.70160036684
728,-9.71516949212,-2.62482117394,-7.90969632308,-1.26813949299,-8.96905926297
729,-9.52794567184,-1.68622279228,-8.28791102338,-1.60448067804,-9.91633883276
730,-9.57183342665,-1.81496469212,-8.17395895818,-1.43372380124,-10.1839728234
731,-8.99515542033,-0.250160261099,-7.75076894272,-1.36923957925,-10.0688109461
732,-8.83295039135,1.25519263025,-8.41144950163,-1.8664787253,-10.5848038246
733,-8.74828754976,0.699157910387,-8.04868435757,-1.54160207748,-10.5024249452
734,-9.30583193211,0.983113690689,-7.5205459678,-1.11311517965,-10.3627201353
735,-8.20982783506,1.2065013237,-8.14327438861,-1.78182751349,-10.9668725757
736,-7.87906463554,1.5188258917,-8.06185450647,-1.75657399227,-10.8879705059
737,-7.87666466486,0.419814819599,-8.37849950898,-2.10739374139,-10.5729436234
738,-8.13388013683,-0.316121636573,-8.54804736991,-2.09712190262,-10.8076758633
739,-8.21410994533,-1.47890094587,-9.01606970706,-2.52170386093,-10.603555136
740,-8.42632949015,-0.798181541948,-9.54681371394,-2.5773365312,-11.6090378118
741,-7.49930210003,-0.84917442156,-9.45594393931,-2.73866916404,-11.2306569351
742,-8.02482733789,-1.94745762639,-9.12481196805,-2.36548222365,-10.6961213331
743,-8.17658714341,-1.67764505438,-9.72271321311,-2.5264638587,-11.4782089629
744,-7.52625751472,-0.134031885533,-9.48827442084,-2.88193133131,-11.9667258197
745,-6.76522036535,-1.2403510848,-9.4082814575,-2.84879748694,-11.0511462345
746,-6.70032283363,-0.70871581707,-9.10485958634,-2.79375242472,-11.0742431844
747,-6.39694751946,-2.67577505274,-8.92290004959,-2.4587626515,-10.0951297874
748,-6.50803611445,-2.9409132331,-9.05649851838,-2.44089453865,-10.3345494614
749,-6.71843096837,-4.09330699746,-9.13889571697,-2.14359951033,-10.0992804477
750,-6.19027004409,-3.93193723844,-8.62311199117,-2.05344115029,-9.64988643498
751,-5.52532828617,-3.25965524913,-8.21724737534,-2.02353190822,-9.35485880265
752,-5.45782149369,-4.15164648266,-8.0418293307,-1.9214129807,-8.85922683562
753,-5.43313572956,-5.11948686973,-8.1432013039,-2.00951314781,-8.57352596717
754,-5.98022831689,-5.76742824891,-8.18231319605,-1.85589805443,-8.2537198511
755,-7.37186032969,-7.60592929099,-8.13120689363,-1.43792835215,-7.61687051359
756,-7.07220582922,-8.30202341168,-8.08044789156,-1.47175646366,-7.81358150205
757,-6.63860809394,-7.12903781228,-9.23866261402,-2.06703243146,-8.96067559424
758,-7.00161369044,-7.12676923747,-9.02934867312,-1.75960600043,-9.11285889003
759,-7.16503633732,-7.27530599809,-8.03638123039,-1.08849865462,-8.07625355978
760,-6.55683779099,-8.47383725447,-9.2929150117,-2.20782556809,-8.95891383008
761,-5.85343931709,-7.09408525175,-9.17341410885,-2.33159568227,-9.21128318731
762,-6.14974268131,-7.47507434432,-8.86395361181,-2.14024541583,-8.75968855905
763,-5.85472174815,-7.41876132672,-8.92606746044,-2.39473914238,-8.86980147794
764,-5.77682503944,-7.80458488217,-9.16613807779,-2.38145245119,-8.6081870417
765,-5.52753885566,-8.2640123029,-9.40737630902,-2.29512943068,-9.08677762619
766,-5.71482111437,-8.61702201056,-10.1491815553,-2.69672975536,-9.605407411
767,-5.17286601838,-8.20744376087,-9.86396914758,-2.74099555848,-9.46591540033
768,-6.24066735189,-9.57145025614,-10.4714986062,-2.78574171544,-9.63238368379
769,-5.83243430426,-8.86447926464,-11.2251700642,-3.22312477123,-10.6399883773
770,-6.50533240766,-10.0822555194,-10.8842257729,-3.01310870154,-10.1120901828
771,-7.04331851901,-11.4224349418,-10.2445352237,-2.06945966606,-9.0720350199
772,-7.20960196966,-11.7135406423,-9.69445401905,-1.48892315697,-8.50014413517
773,-6.77879904408,-10.9098497644,-9.08724727013,-1.68474476946,-8.06826729631
774,-6.67370506951,-11.1019363285,-8.8421376116,-1.48202359185,-7.84135210128
775,-6.28924573554,-12.0271508956,-9.58191702864,-2.19805930201,-8.31285662507
776,-5.24159091994,-11.9347932332,-9.77023874889,-2.63025686989,-8.14144923574
777,-5.30571198974,-11.8734921481,-9.2612909609,-2.35795191309,-7.6826631425
778,-4.82719999144,-9.13275377878,-9.43892590655,-2.74635106794,-8.81147257705
779,-4.94339599756,-9.70879041703,-9.69485303762,-2.58426051003,-8.89948625305
780,-4.69911816094,-8.18469113133,-9.85780441535,-2.99039908692,-9.53840201769
781,-4.16937923924,-7.71569812857,-9.19258733366,-2.67089950399,-9.05103555919
782,-3.74658846191,-7.80741210756,-8.97408173259,-2.53138216921,-8.60245317629
783,-4.16636400254,-8.50191051501,-8.83798163077,-2.24051342002,-8.04678801391
784,-4.22987739708,-8.18896719056,-8.73994530266,-2.20671322325,-8.18398369333
785,-4.46237499869,-8.60546266644,-8.75484072625,-2.07291813141,-8.31526095617
786,-4.32313638155,-8.17602589622,-8.57326357401,-2.0485540226,-8.03778459064
787,-4.35119832634,-7.95918846227,-7.60268998452,-1.29836713334,-7.32421130626
788,-3.4774808039,-6.88524451673,-8.31442790417,-2.23634977969,-8.2817847793
789,-3.5367436959,-7.15856998427,-7.66291253354,-1.7689341912,-7.42919997291
790,-3.73047905477,-7.02108521278,-7.64772686299,-1.78559302188,-7.3322780351
791,-3.57092483255,-7.53859198786,-7.62325426896,-1.80310702834,-7.2811030197
792,-4.07004258112,-7.89769765952,-7.93185777821,-2.09070689838,-7.24131372215
793,-3.90598869552,-6.68611426923,-8.44676683037,-2.45596857582,-8.10824803235
794,-3.62925950616,-7.05580766647,-8.75520760554,-2.54761341898,-8.66398761353
795,-3.83539280671,-7.26472621244,-8.3838727897,-2.3083993919,-8.11786978314
796,-3.39078237227,-6.77779215923,-7.54119347001,-2.05839956015,-7.20000181348
797,-2.86095921973,-6.6460132865,-7.9846207344,-2.43156390162,-7.833959745
798,-3.58339317213,-7.40658020612,-8.30747043936,-2.34127833832,-7.99400311332
799,-4.05735150766,-7.6894007875,-8.0514269085,-1.71383242971,-7.60715122237
800,-4.11334149223,-7.82041147573,-8.13460602521,-1.91266321281,-7.95127646808
801,-4.19430614563,-7.15548397079,-8.81920405808,-2.00488109671,-8.85604026612
802,-3.90560035133,-7.41564863107,-8.86559774402,-2.50477800344,-8.67311797548
803,-4.04969939337,-5.75768881934,-8.20979519656,-2.20091628217,-8.81047399259
804,-5.32580790109,-6.57969517922,-8.13859892574,-1.87340025205,-8.30150763772
805,-5.51547171713,-7.3653493055,-7.94122203565,-1.62971818724,-7.66352114904
806,-5.89615838955,-6.95628142084,-7.89982941063,-1.59282917714,-7.97140787565
807,-5.44545940767,-7.41246619793,-8.45591381088,-1.75499785845,-8.32287480625
808,-5.12696405191,-7.64332394915,-8.46022406057,-1.75660032298,-8.31078001037
809,-5.10003621285,-7.69223206021,-9.45922248915,-2.65349194012,-9.15881194448
810,-4.37879437467,-7.39837885934,-9.79537992918,-2.95324865162,-9.8285259825
811,-5.28507183956,-8.53731789306,-9.6046984541,-2.68456242414,-9.22732569872
812,-5.45159713421,-8.39419715392,-10.4423257643,-2.89190983186,-10.1082008821
813,-5.91451554501,-9.10258415112,-10.5772502437,-2.58302722675,-10.3123414871
814,-6.03426014442,-9.77741088846,-10.3617681731,-2.31586721078,-9.73571315453
815,-6.9361788229,-10.6410389072,-10.4247564072,-2.1472551503,-9.68193300656
816,-6.59124282241,-10.6686859648,-10.587027567,-2.09823590688,-9.73197770458
817,-6.85724569273,-10.5963067931,-10.8504250501,-2.39356301649,-9.96640351421
818,-6.67601557814,-10.2900261531,-10.5856453886,-2.04655961641,-10.2256689444
819,-6.36975101338,-9.88548536245,-10.9941452176,-2.50293102934,-10.6884801676
820,-5.7201019671,-9.62904701482,-11.0757644818,-2.81787443227,-10.811227566
821,-5.88136828861,-10.0485305235,-11.0368333373,-2.74346407665,-10.4987071322
822,-5.92244155638,-10.563683653,-11.3891633506,-3.27282179395,-10.5384888
823,-5.56553525864,-10.1943597155,-11.1550286895,-3.091142523,-10.5200057918
824,-5.1750861124,-9.58135637232,-10.9544165963,-3.10012581049,-10.4534999255
825,-4.81068605986,-10.2512835849,-11.2523988611,-3.45149709098,-10.5455545113
826,-4.77065553871,-9.27599529856,-10.5473517298,-3.5124067208,-10.0936271797
827,-4.62187265825,-9.58385856423,-10.7835596315,-3.55065421529,-10.1495713732
828,-4.99394186571,-9.73504199801,-10.4080283661,-3.19850469597,-9.86540060464
829,-6.04301416832,-9.4905445057,-10.217630934,-2.7993198868,-9.39950645806
830,-6.22607112393,-8.90197696891,-9.71195117055,-2.55266945055,-9.29596717094
831,-6.47003509227,-9.84928292417,-9.64940994951,-2.30807130278,-8.86878170644
832,-6.24414514767,-9.64658044598,-9.62867285951,-2.33264261079,-8.92542297282
833,-5.70405163059,-9.87088180021,-9.66205052893,-2.48584625192,-8.77636805566
834,-5.59710911671,-10.8667563765,-9.34316825892,-1.87013065519,-7.89508088269
835,-5.86841467119,-9.31702725562,-9.22282437969,-2.38195919702,-8.77905185727
836,-5.75751604756,-7.37561768028,-9.19797178729,-2.06448853087,-9.17194475488
837,-5.66597217308,-7.702837823,-9.08959006793,-2.19657340287,-8.96951635093
838,-5.5560004368,-8.15580988401,-9.12023651732,-1.95986394265,-8.95680066104
839,-5.56789940234,-8.96612365277,-9.88672703435,-2.28632194079,-9.34330293209
840,-5.90816704445,-8.65039384567,-9.28073482777,-1.80111495621,-9.09961445248
841,-6.03571587002,-8.59828957237,-9.09556631715,-1.68073087689,-9.0948717191
842,-6.23674476005,-8.5458085374,-8.99629920596,-1.72275668131,-8.89617133153
843,-6.40904521546,-7.82437374598,-8.58441964198,-1.27414650706,-8.55570549555
844,-6.31196036404,-8.04545898534,-8.10542652833,-1.26573880715,-8.02706433545
845,-7.04057620737,-9.12438651353,-8.21153381541,-1.06291118812,-7.52584269483
846,-7.43447207972,-9.91236672692,-7.79209857331,-0.665960786301,-7.00978620266
847,-7.1077277343,-8.85393820368,-7.74386589419,-0.640450442391,-7.13684883516
848,-6.73246185993,-8.46021072259,-8.63508648274,-1.37411002809,-8.12756512196
849,-6.54166313699,-8.26414102661,-8.95422879427,-1.73344426103,-8.8797972288
850,-6.49740218939,-7.8981763155,-9.34082421201,-1.98335386589,-9.46988943454
851,-6.25836969256,-6.95659322533,-9.92701628524,-2.46135660166,-10.0835354762
852,-5.63028082237,-5.12362477697,-9.94849221414,-2.72065732112,-10.8253574997
853,-5.50004076646,-5.20771030873,-10.1054768228,-2.99905086854,-10.8757400348
854,-5.7397058484,-5.44793639357,-10.8865135242,-3.19044704641,-11.4482661928
855,-4.83515296569,-5.94793368511,-10.984490205,-3.56258441682,-11.5248475043
856,-3.49352741632,-4.00243235228,-11.1489893181,-4.09441088131,-11.9491315213
857,-3.5770969747,-5.06572530654,-11.1315834052,-4.01940012726,-11.7615704496
858,-3.94842351769,-4.58122100883,-11.0071331814,-3.8025735928,-11.7854938583
859,-3.4211792454,-4.97503654793,-10.8449773536,-3.93046499843,-11.8412663002
860,-3.62690298857,-4.28207188284,-11.0050744151,-3.89103158697,-12.1670012829
861,-3.71868534874,-2.90302446585,-10.8536688411,-4.04261559749,-12.279042204
862,-3.73117059503,-2.85309613076,-11.5731838798,-4.39469820582,-13.0659652366
863,-3.60836529353,-1.67020548391,-11.5401913026,-4.60672264662,-13.3690800682
864,-3.37301631807,-0.873358903384,-11.4115331248,-4.32507657404,-13.5286194771
865,-3.72844188778,-1.72656423838,-11.763358309,-4.53308391543,-13.6382324948
866,-3.20795129173,-0.578835060185,-11.791821504,-4.64628962224,-14.0529916139
867,-3.36840710688,-1.15767544124,-11.7286009163,-4.85919791973,-13.7629274302
868,-3.99696038152,-0.844739867102,-11.4956065626,-4.59579700043,-13.7139545177
869,-4.21651630045,-1.20666757418,-11.4409365306,-4.40324050056,-13.3790084561
870,-4.30023850626,-0.105574700022,-11.0958188265,-4.24749649785,-13.8174479173
871,-4.11564108077,1.58973067252,-11.1369488411,-4.13703426385,-14.1831915489
872,-4.56786374208,1.36695328606,-11.3904547477,-4.28431290639,-14.4269468632
873,-4.50056636709,2.25128049162,-10.8564830063,-4.06104934048,-14.2166133475
874,-4.94600010137,2.32635390812,-10.1386450721,-3.42878455743,-13.3495463995
875,-4.41764311496,3.13302363303,-10.9020615228,-3.93809970023,-14.5958420203
876,-4.61049405127,2.36550122929,-10.2714575893,-3.44884237467,-13.7738492901
877,-4.86266655361,2.90211961629,-10.2016289116,-3.32349381891,-13.8765687916
878,-4.10224512836,4.28900758429,-10.3582535797,-3.66123383351,-14.2537660588
879,-3.99572428667,4.92312524363,-9.92240178393,-3.15192212119,-14.0912440489
880,-4.17482690469,2.82141903136,-10.3817372341,-3.38879952845,-14.0848619935
881,-4.15388559346,2.83519451643,-10.2283454015,-3.11153755345,-13.7824999673
882,-4.66708473879,2.27055533414,-10.068101875,-2.73121983697,-13.6321369875
883,-4.72185523255,4.32901439084,-9.89926131515,-2.73739550829,-14.3959783089
884,-4.62333271414,4.49791615508,-10.192144157,-2.7682136781,-14.765040152
885,-4.42065022717,5.04638223181,-10.11667254,-2.76876495112,-14.8306344489
886,-4.25287698714,4.46321940764,-10.6987002939,-3.08173196085,-15.1398990315
887,-4.44527678316,4.80432837449,-10.9031982909,-3.03978127773,-15.5532613382
888,-4.4642282456,4.63540402499,-10.0626863105,-2.70703732986,-14.7688870887
889,-4.98732399964,4.87396862775,-10.0933839368,-2.3725316622,-14.925094003
890,-5.50258285626,4.70974864013,-10.2136983639,-2.33421912597,-14.7739657493
891,-6.0556292827,4.08759536053,-10.1966612527,-2.13033581665,-14.7915496701
892,-6.20357855741,4.41719312508,-9.8421416554,-2.07446968619,-14.1713058575
893,-6.84406671834,5.86978276688,-9.33795319327,-1.73984810104,-14.3196899621
894,-6.80649620344,5.94516877123,-9.08785071528,-1.43538867005,-14.2552864661
895,-6.7485085783,4.11530120378,-8.82862693553,-1.04215688796,-13.0594162959
896,-6.51110684629,3.59145076114,-8.77190944029,-1.0336741571,-13.1947952633
897,-6.68974487202,2.17969311498,-9.22802137982,-1.37409264821,-13.4683842394
898,-6.55440942186,3.06243533357,-9.1698473504,-1.22021527104,-13.3344614816
899,-6.63447988618,3.55724318482,-9.44164231674,-1.46933867665,-13.5789206573
900,-6.10621651832,3.86726041575,-8.77940026076,-1.27191360892,-12.969591172
901,-6.37728622241,4.69536630774,-8.83064573683,-1.48510895647,-13.2622278618
902,-6.73732689789,4.59670094866,-9.30892122513,-1.85270026166,-13.7780337461
903,-6.71798901303,4.45723210353,-9.1424686697,-1.52731047172,-13.6308255327
904,-6.56073004994,4.50198204099,-9.24472131532,-2.11736724125,-13.732689125
905,-6.76157327,3.93798583921,-9.29070539054,-1.7374687717,-13.6927290301
906,-7.43721721675,3.5707456852,-9.26665110758,-1.51542861756,-13.7058162401
907,-6.85342227753,3.82989187772,-8.98816923297,-1.33835204828,-13.1117000732
908,-7.0993953667,3.17751065309,-9.06413387904,-1.27911918294,-13.3040051871
909,-7.08694160784,3.03820583095,-9.10819228366,-1.36034995,-13.1626547474
910,-8.18691005387,3.50249637009,-8.86726834627,-0.714119788469,-12.9565949834
911,-9.07831367579,2.11456462943,-8.61472892476,-0.128253572059,-12.3898258754
912,-8.3820305592,2.22008103714,-8.51299251791,-0.0986489157316,-12.6233941336
913,-8.72000218177,3.08589880464,-8.66351295867,-0.411793736793,-12.7851524847
914,-8.74651500043,2.85876888988,-8.4120536043,-0.420198109207,-12.5291559218
915,-8.9968175645,2.9685564391,-8.02363684798,-0.0764392246616,-12.0284422995
916,-8.74260823661,2.92566915507,-7.45471871959,0.257374447637,-11.518919906
917,-8.93260604901,1.65576683465,-7.35321770881,0.393954098311,-11.0521551646
918,-8.96243902825,2.45208538958,-7.69838778123,0.254203381415,-11.1617644952
919,-9.17403416046,2.07207623048,-7.48620011154,0.278258872769,-11.0194718332
920,-8.91691652509,2.7063931525,-7.33596000124,0.298617715114,-11.2794005695
921,-8.3185258608,4.04538421473,-7.50710825059,0.187238944453,-11.4962398955
922,-8.0880214816,4.86962512793,-6.79900357691,0.113003235773,-11.4543285503
923,-7.7808560494,5.36315159783,-7.2641077495,-0.390436374957,-11.9166186106
924,-8.30164135841,5.67266091001,-6.90854040016,0.091019078768,-11.6092027642
925,-8.18716428083,5.90817103838,-6.53794712547,0.350449931756,-11.1997110809
926,-7.97590318546,6.18876860301,-7.32446190805,-0.364186767392,-12.1064087473
927,-7.36813973229,6.30080622833,-8.56444673032,-1.06607789153,-13.5327707721
928,-7.47438341107,6.54564731749,-7.77778828611,-0.599102284886,-12.8316239236
929,-8.43358868231,6.62729734146,-7.39925811474,0.0345529056643,-12.4093872413
930,-8.52094198827,7.36948836644,-7.70961662968,-0.134881418035,-13.1902579702
931,-8.60348660531,6.62975932886,-7.2778856103,0.0086373289791,-12.3167137895
932,-7.75539739982,6.03802159915,-6.73220924154,0.0964482432497,-11.7150796308
933,-8.07017826456,6.59761960451,-6.49024505985,0.570725237191,-11.4462016059
934,-8.17032530401,7.15432012027,-6.13655820403,0.684695465667,-11.3025357581
935,-8.82708352261,6.44731630625,-5.84459822382,1.14847078031,-10.4702312417
936,-7.79227668835,6.85551389158,-5.64796318875,0.874638310579,-10.4993529134
937,-8.42438939918,7.3398323113,-6.22577551108,0.648630454082,-11.173472379
938,-7.79328671347,7.87646751961,-6.00995450033,0.65769025014,-11.0606936451
939,-7.66422652233,8.42776912822,-5.04040669214,0.777026160172,-10.398857728
940,-8.22094066572,8.88718803888,-4.54407938894,1.34296022466,-10.058501687
941,-8.02010947554,8.58461439056,-4.81739676524,1.35158321272,-10.1755989433
942,-8.29753691759,8.19549965909,-4.70111602242,1.6313734469,-9.91662167777
943,-8.15323197518,7.33486798493,-4.77948295011,1.66233857286,-9.62911605955
944,-7.34749352711,7.08587215854,-4.61738615971,1.40339212113,-9.73673844855
945,-7.47898261999,6.14325567551,-5.18201817358,1.13230907003,-9.98463073065
946,-8.13116166773,5.98978856631,-4.75412438167,1.7102099887,-9.35795393448
947,-7.34994930371,6.19940931393,-5.73197537437,1.20326930426,-10.5180109564
948,-7.17074949635,6.65816101079,-5.23026868798,1.28982433737,-10.0824753725
949,-7.76597962386,6.95928381995,-5.02161019202,1.12113521372,-10.2769781877
950,-7.63573676719,7.72866085033,-5.32728577955,1.04328250806,-10.8923822067
951,-7.47901625134,7.41536748099,-5.59494941785,0.879389596137,-10.7638746251
952,-7.42321529206,6.12958993416,-5.52542223264,0.891617493788,-10.5311623823
953,-6.99206951689,7.91537991306,-5.55681707193,0.915533809983,-10.9806672293
954,-6.37124585044,8.11731460297,-5.4829566968,1.06052146019,-10.7126439958
955,-6.72935163183,9.0958054212,-5.13030598258,0.860570008679,-11.0866052948
956,-6.65236463089,9.01413915524,-5.2841246082,0.811132797352,-10.8690269559
957,-6.93006576998,8.22454116575,-4.68365081154,1.21933228307,-9.91900365174
958,-6.67184011636,9.32827916986,-4.71485735297,1.01509710922,-10.1931641062
959,-6.65769653531,9.28227772929,-5.02472824035,0.385566058008,-10.7554568399
960,-7.30423354111,9.4812387472,-4.84852369843,0.526143113405,-10.5471712667
961,-7.28934962714,9.86148338916,-5.13492549346,0.353130809676,-10.8341949572
962,-7.00841309294,10.2045356708,-4.80972618532,0.699135917281,-10.7131394662
963,-6.90972946885,10.4143403503,-4.7422674606,0.602850182543,-10.5041859753
964,-7.65023596676,10.9693239141,-4.50852173423,0.971221611192,-10.3388038592
965,-7.50126627756,11.4661764956,-3.236734438,1.79203786252,-9.31863397597
966,-8.02045465062,11.8762395074,-2.77545963217,2.35293005294,-8.75664770575
967,-8.43432012911,10.6208368746,-2.28478217692,2.74765803446,-7.8923953312
968,-7.88589333975,12.5033881964,-2.53503668254,2.47466210079,-8.71515334392
969,-7.53673170714,12.2116718174,-2.72984035849,2.16282647918,-8.93573710518
970,-7.69872073681,11.4857215525,-2.39346209479,2.40525790079,-8.45390383993
971,-7.00033300249,11.3998425081,-2.81561362755,1.81237426604,-8.63262360538
972,-7.85319668953,10.7518573099,-1.78529137855,2.77836489073,-7.4217912996
973,-7.99711165522,11.151184441,-2.08049690055,2.64514021668,-7.84814819036
974,-7.29048555635,10.8819906589,-2.56843658326,2.17496851804,-8.2953431053
975,-6.91382111079,10.8374233194,-2.72790803968,1.90892201825,-8.45117729851
976,-7.25741583678,10.2184680232,-2.66528269525,2.16944805502,-8.11548455923
977,-6.98910109847,10.2176840386,-2.8262837783,2.05835661081,-8.36467932703
978,-6.3499524905,10.7241406883,-3.08748484407,1.67002593428,-8.75145354429
979,-5.91619792118,9.95064553608,-3.78041771895,1.44452296998,-9.59888803693
980,-6.13826994863,11.9834095094,-4.17279129411,1.10104563929,-10.3327667198
981,-6.29500398514,12.3622287724,-4.76534180424,0.609719559297,-10.9902322729
982,-6.85195847662,13.1848787975,-4.13520529452,0.885753334465,-10.7496293669
983,-6.97057922544,12.8829187447,-4.04460919449,1.21189441308,-10.7778325643
984,-7.06691359257,11.9004026628,-3.91885184965,1.58245193255,-10.5746611573
985,-7.39212000577,11.9770072448,-3.85627942514,1.62518404806,-10.3266702518
986,-6.52124402017,12.8881192594,-4.39810745782,0.889702194369,-11.2263151345
987,-7.04968730844,13.3120566941,-4.32321839293,1.12292879779,-10.9405588007
988,-6.56894496787,12.9905890346,-4.26867533523,1.05943977388,-11.0803884375
989,-6.932860947,11.8288652796,-3.86875096472,1.37451711082,-10.2782928433
990,-7.33048161823,10.4399185384,-3.31214022362,2.02390868227,-9.20001462799
991,-6.78949234367,9.64456970707,-3.1401505871,2.24106970739,-8.53386008818
992,-6.41293915988,10.6781564573,-2.93266980603,1.9617334364,-9.05850240844
993,-6.50288168327,10.6140520766,-2.81098857002,1.8630736286,-8.95897104858
994,-5.51236345328,9.61060953025,-3.12491960177,1.86000813216,-8.39402979191
995,-6.30712424741,9.24251826438,-2.32572392628,2.2191243537,-7.82591351761
996,-6.8317122362,9.27584638454,-2.01212302451,2.68442390382,-7.24995816723
997,-7.01590099344,8.53905454516,-1.80943487815,2.88510983538,-6.82307711465
998,-7.40812496934,7.88216643988,-1.37516747832,3.24706573563,-5.77880298028
999,-7.02386098432,8.59456088374,-1.59027141406,2.79354013606,-6.32114172303
